state,age1564.csv,age15u.csv,age65o.csv,asian.csv,black.csv,female.csv,indian.csv,male.csv,owneroccupied.csv,pop.csv,renteroccupied.csv,totalhouseholds.csv,white.csv,year
Alabama,1014995,752679,54306,61,827307,911933,177,916764,122449,1828697,231180,370980,1001152,1900
Arizona,77859,40455,3328,1700,1848,51136,26480,71795,15317,122931,10545,27817,92903,1900
Arkansas,731333,543713,31344,62,366856,636252,66,675312,119827,1311564,130411,262421,944580,1900
California,1008202,389831,76846,55904,11045,664522,15377,820531,146994,1485053,162275,324690,1402727,1900
Colorado,358357,163147,13646,647,8570,244368,1437,295332,54965,539700,61386,122349,529046,1900
Connecticut,602084,254321,50850,617,15226,454126,153,454294,76855,908420,119094,200640,892424,1900
Delaware,117777,57981,8468,52,30697,90577,9,94158,13641,184735,23835,39007,153977,1900
District_of_Columbia,197074,69615,11734,462,86702,146714,22,132004,12998,278718,40753,55465,191532,1900
Florida,307861,204027,13941,121,230730,253296,358,275246,50930,528542,55920,113629,297333,1900
Georgia,1226736,916862,66376,205,1034813,1113130,19,1103201,129667,2216331,291447,450712,1181294,1900
Idaho,97840,58917,4425,2758,293,68405,4226,93367,24370,161772,9218,35819,154495,1900
Illinois,3030932,1588685,190639,1583,85078,2348768,16,2472782,451597,4821550,547369,1024189,4734873,1900
Indiana,1580234,813069,117861,212,57505,1231058,243,1285404,312283,2516462,242588,567072,2458502,1900
Iowa,1361103,759613,105916,111,12693,1075004,382,1156849,282760,2231853,183053,476710,2218667,1900
Kansas,894328,512739,60373,43,52003,701779,2130,768716,183286,1470495,126240,319422,1416319,1900
Kentucky,1254131,809142,77127,57,284706,1056947,102,1090227,218142,2147174,204009,434228,1862309,1900
Louisiana,777550,560646,40223,616,650804,686892,593,694733,83575,1381625,181577,281449,729612,1900
Maine,448369,189333,55122,123,1319,343471,798,350995,102537,694466,55028,161588,692226,1900
Maryland,740421,393546,49983,553,235064,598769,3,589275,90702,1188044,135353,239837,952424,1900
Massachusetts,1885083,767628,143107,3021,31974,1437872,587,1367474,206127,2805346,379696,604873,2769764,1900
Michigan,1523962,772334,121160,249,15816,1172077,6354,1248905,330276,2420982,198078,542358,2398563,1900
Minnesota,1042720,637801,66771,217,4959,818904,9182,932490,208189,1751394,118034,337284,1737036,1900
Mississippi,852558,650444,45029,237,907630,769819,2203,781451,102645,1551270,194637,316114,641200,1900
Missouri,1903512,1082065,112682,458,161234,1510955,130,1595710,322244,3106665,307492,646872,2944843,1900
Montana,166109,71130,4845,4180,1523,93487,11343,149842,28563,243329,20556,52125,226283,1900
Nebraska,641596,388288,34754,183,6269,501708,3322,564592,120705,1066300,90711,217990,1056526,1900
Nevada,28853,10764,2268,1580,134,16732,5216,25603,6511,42335,3134,10472,35405,1900
New_Hampshire,271524,106592,32344,113,662,206209,22,205379,50593,411588,42840,96534,410791,1900
New_Jersey,1222755,577518,79617,1445,69844,941909,63,941760,136055,1883669,259848,408993,1812317,1900
New_Mexico,112857,75877,5846,349,1610,91082,13144,104228,29223,195310,13118,45510,180207,1900
New_York,4798984,2111000,347905,7524,99232,3654114,5257,3614780,521537,7268894,1043800,1608170,7156881,1900
North_Carolina,1040395,782401,66148,51,624469,955133,5687,938677,165222,1893810,188162,367565,1263603,1900
North_Dakota,185556,125492,7357,180,286,141653,6968,177493,49163,319146,11863,63360,311712,1900
Ohio,2658540,1282471,209563,398,96901,2054890,42,2102655,481592,4157545,431301,934674,4060204,1900
Oklahoma,444587,326180,15379,58,55684,367080,64445,423311,84293,790391,70903,161946,670204,1900
Oregon,269994,126135,16475,12898,1105,180551,4951,232985,50174,413536,33745,87545,394582,1900
Pennsylvania,3987374,2040977,261817,1967,156845,3097574,1639,3204541,523843,6302115,742385,1303174,6141664,1900
Rhode_Island,287373,120471,19798,379,9092,218040,35,210516,26009,428556,64362,92735,419050,1900
South_Carolina,726612,572277,39623,67,782321,675421,121,664895,77054,1340316,174448,267859,557807,1900
South_Dakota,233432,154565,12836,166,465,185406,20225,216164,56785,401570,22610,82290,380714,1900
Tennessee,1162962,783441,66441,79,480243,999392,108,1021224,179175,2020616,206077,399017,1540186,1900
Texas,1694573,1267974,74037,849,620722,1469810,470,1578900,261933,3048710,299312,582055,2426669,1900
Utah,152512,113350,10055,989,672,135062,2623,141687,36724,276749,17012,55208,272465,1900
Vermont,220130,94877,27771,39,826,168503,5,175138,47751,343641,31014,80559,342771,1900
Virginia,1066930,710520,72846,253,660722,928287,354,925897,170574,1854184,177087,360749,1192855,1900
Washington,339264,157899,14681,9246,2514,213925,10039,304178,57204,518103,45113,107171,496304,1900
West_Virginia,554894,367883,32236,56,43499,459558,12,499242,98469,958800,80759,183780,915233,1900
Wisconsin,1223096,739998,103192,217,2542,1001480,8372,1067562,274010,2069042,137009,420327,2057911,1900
Wyoming,62585,28312,1407,854,940,34347,1686,58184,9674,92531,7388,18632,89051,1900
Alabama,1218923,849714,65363,70,908282,1063884,909,1074209,154716,2138093,285722,454767,1228832,1910
Arizona,133137,64786,5794,1676,2009,85780,29201,118574,22712,204354,23408,47927,171468,1910
Arkansas,906960,620241,44898,72,442891,764423,460,810026,151002,1574449,173251,333368,1131026,1910
California,1700129,543796,125263,79861,21645,1054571,16371,1322978,270379,2377549,275723,563636,2259672,1910
Colorado,542082,227866,26727,2674,11453,368327,1482,430697,96728,799024,90929,194467,783415,1910
Connecticut,744699,309002,59588,533,15174,551114,152,563642,90457,1114756,151960,246659,1098897,1910
Delaware,132942,58550,10465,34,31181,98887,5,103435,17794,202322,25951,44951,171102,1910
District_of_Columbia,236187,76630,17017,427,94446,173019,68,158050,17375,331069,51607,71339,236128,1910
Florida,459459,268216,21797,242,308669,358453,74,394166,72027,752619,90806,171422,443634,1910
Georgia,1485021,1039227,80729,237,1176987,1304102,95,1305019,164116,2609121,373887,553264,1431802,1910
Idaho,207071,108478,8940,2234,651,140048,3488,185546,47045,325594,22035,73669,319221,1910
Illinois,3714530,1665812,243374,2392,109049,2726917,188,2911674,545999,5638591,693083,1264717,5526962,1910
Indiana,1751856,796039,149474,316,60320,1317581,279,1383295,352295,2700876,290727,654891,2639961,1910
Iowa,1408558,687062,125400,136,14973,1076600,471,1148171,292951,2224771,208344,512515,2209191,1910
Kansas,1061521,537696,87956,123,54030,805037,2444,885912,228504,1690949,157817,395771,1634352,1910
Kentucky,1372518,820166,94124,64,261656,1128196,234,1161709,251059,2289905,235433,494788,2027951,1910
Louisiana,965066,636603,49733,648,713874,821113,780,835275,106953,1656388,225433,344144,941086,1910
Maine,477015,203066,61072,121,1363,365319,892,377052,109298,742371,65523,177960,739995,1910
Maryland,832271,401001,60667,402,232250,651121,55,644225,117297,1295346,149201,274824,1062639,1910
Massachusetts,2279274,908692,175015,2747,38055,1711168,688,1655248,240445,3366416,484932,734013,3324926,1910
Michigan,1817806,832401,156519,292,17115,1355639,7519,1454534,398616,2810173,247152,657418,2785247,1910
Minnesota,1323178,661475,86057,344,7084,967197,9053,1108511,251092,2075708,154340,416452,2059227,1910
Mississippi,1014592,723848,54338,263,1009487,891354,1253,905760,127157,1797114,247106,384724,786111,1910
Missouri,2112659,1022926,150253,638,157452,1605522,313,1687813,374461,3293335,358514,749812,3134932,1910
Montana,261909,102188,9085,2894,1834,149181,10745,226872,48757,376053,32511,86602,360580,1910
Nebraska,749510,389964,50771,730,7689,564432,3502,627782,153155,1192214,106099,265549,1180293,1910
Nevada,61242,16989,3120,1846,513,29324,5240,52551,11925,81875,10421,23677,74276,1910
New_Hampshire,283115,112725,34070,68,564,214282,34,216290,52052,430572,49549,103156,429906,1910
New_Jersey,1689408,737916,107087,1345,89760,1250704,168,1286463,191177,2537167,355076,558202,2445894,1910
New_Mexico,196402,120719,9686,506,1628,152056,20573,175245,54537,327301,22704,78883,304594,1910
New_York,6195752,2488621,418155,6532,134191,4529017,6046,4584597,622125,9113614,1387900,2046845,8966845,1910
North_Carolina,1231275,893656,77688,82,697843,1107811,7851,1098476,203552,2206287,227239,440334,1500511,1910
North_Dakota,350841,211718,12898,98,617,259502,6486,317554,87641,577056,28123,120910,569855,1910
Ohio,3155032,1343976,261810,645,111452,2332363,127,2434758,574085,4767121,545519,1138165,4654897,1910
Oklahoma,967245,645748,41045,187,137612,775577,74825,881578,154571,1657155,186109,351167,1444531,1910
Oregon,469977,172910,28153,11093,1492,288500,5090,384265,87688,672765,58279,151858,655090,1910
Pennsylvania,4959478,2368926,325918,1976,193919,3722905,1503,3942206,662091,7665111,929256,1630628,7467713,1910
Rhode_Island,367168,149559,25020,305,9529,272296,284,270314,32849,542610,83134,117976,532492,1910
South_Carolina,839292,629645,44092,65,835843,763558,331,751842,93757,1515400,210904,315204,679161,1910
South_Dakota,362784,200443,19288,163,817,266776,19137,317112,86539,583888,40302,131060,563771,1910
Tennessee,1290757,806938,83464,53,473088,1081298,216,1103491,213125,2184789,240515,462553,1711432,1910
Texas,2273275,1504430,110801,943,690049,1878916,702,2017626,350176,3896542,425770,798426,3204848,1910
Utah,221040,138643,12369,2501,1144,176488,3123,196863,48131,373351,26144,77339,366583,1910
Vermont,228206,98279,29262,11,1621,173388,26,182568,49489,355956,35112,85178,354298,1910
Virginia,1210976,762878,84981,168,671096,1026264,539,1035348,211322,2061612,198860,419452,1389809,1910
Washington,797387,301236,36573,15824,6058,483327,10997,658663,140367,1141990,104471,254692,1109111,1910
West_Virginia,728659,448324,42192,93,64173,577075,36,644044,120583,1221119,123068,248480,1156817,1910
Wisconsin,1462660,750203,118637,263,2900,1125282,10142,1208578,316578,2333860,173787,499629,2320555,1910
Wyoming,103707,39209,2796,1926,2235,54295,1486,91670,16961,145965,14159,32092,140318,1910
Alabama,1344804,917165,83498,85,900652,1175069,405,1173105,172363,2348174,319756,508769,1447032,1920
Arizona,211786,111374,9977,1719,8005,150560,32989,183602,33075,334162,44163,80208,291449,1920
Arkansas,1017658,670770,62092,121,472220,856976,106,895228,171253,1752204,208491,390960,1279757,1920
California,2401859,815282,200301,106027,38763,1613270,17360,1813591,382834,3426861,493177,900232,3264711,1920
Colorado,609554,281358,41063,2825,11318,446898,1383,492731,116781,939629,109501,230843,924103,1920
Connecticut,895876,414825,68517,694,21046,685296,159,695335,115181,1380631,190964,311610,1358732,1920
Delaware,145592,64287,12402,51,30335,109248,2,113755,22829,223003,28287,52070,192615,1920
District_of_Columbia,324955,90092,20635,708,109966,234028,37,203543,28503,437571,65654,96194,326860,1920
Florida,602099,322994,40664,312,329487,473150,518,495320,94990,968470,128678,234133,638153,1920
Georgia,1679867,1110914,102111,228,1206365,1451009,125,1444823,188185,2895832,421047,628525,1689114,1920
Idaho,264276,152412,14839,2180,920,197947,3098,233919,59208,431866,38013,100500,425668,1920
Illinois,4283042,1895667,297647,3479,182274,3180447,194,3304833,658260,6485280,846071,1534077,6299333,1920
Indiana,1894289,848576,183695,384,80810,1441316,125,1489074,395402,2930390,326192,737707,2849071,1920
Iowa,1537525,718667,144392,306,19005,1174629,529,1229392,332567,2404021,239880,586070,2384181,1920
Kansas,1109930,551843,104747,150,57925,860036,2276,909221,241456,1769257,182784,435600,1708906,1920
Kentucky,1450507,850433,113772,75,235938,1189136,57,1227494,275993,2416630,258643,546306,2180560,1920
Louisiana,1083071,651670,59443,575,700257,895174,1066,903335,126410,1798509,248802,389913,1096611,1920
Maine,488246,216772,62101,170,1310,379262,839,388752,108829,768014,73860,186106,765695,1920
Maryland,945123,430579,72468,413,244479,720206,32,729455,159262,1449661,160219,324742,1204737,1920
Massachusetts,2563652,1079125,206447,2811,45466,1962342,555,1890014,301245,3852356,564097,874798,3803524,1920
Michigan,2374449,1099259,190972,1089,60082,1739976,5614,1928436,499471,3668412,349054,862745,3601627,1920
Minnesota,1529752,743954,110766,619,8809,1141588,8761,1245537,312367,2387125,202222,526026,2368936,1920
Mississippi,1032669,687972,66708,367,935184,893494,1105,897124,132900,1790618,257971,403198,853962,1920
Missouri,2212937,1001405,185502,599,178241,1680736,171,1723319,401667,3404055,409068,829043,3225044,1920
Montana,351371,178773,16808,2015,1658,248948,10956,299941,81840,548889,53362,139912,534260,1920
Nebraska,813557,415928,64341,1023,13242,623567,2888,672805,169098,1296372,125713,303436,1279219,1920
Nevada,54407,19212,3473,1455,346,31167,4907,46240,9938,77407,10940,21862,70699,1920
New_Hampshire,287137,119944,35210,103,621,220971,28,222112,52778,443083,53159,108334,442331,1920
New_Jersey,2066968,952890,133481,1581,117132,1565825,100,1590075,271914,3155900,438911,721841,3037087,1920
New_Mexico,213971,133680,12244,432,5733,169894,19512,190456,48152,360350,32907,83706,334673,1920
New_York,6995306,2884859,493097,9214,198483,5197877,5503,5187350,738738,10385227,1670088,2441125,10172027,1920
North_Carolina,1423891,1033307,98716,113,763407,1280061,11824,1279062,235842,2559123,261303,513377,1783779,1920
North_Dakota,374835,251421,19324,197,467,305199,6254,341673,84904,646872,45050,134881,639954,1920
Ohio,3792778,1643267,319437,1163,186187,2803414,151,2955980,719097,5759394,673858,1414068,5571893,1920
Oklahoma,1198461,761769,64772,344,149408,970239,57337,1058044,193840,2028283,231813,444524,1821194,1920
Oregon,526536,213416,42583,7509,2144,367055,4590,416334,108772,783389,89588,202890,769146,1920
Pennsylvania,5515655,2802436,394303,2386,284568,4290997,337,4429020,853471,8720017,1035534,1922114,8432726,1920
Rhode_Island,399469,174445,30190,271,10036,306873,110,297524,41921,604397,92800,137160,593980,1920
South_Carolina,941565,687448,53375,163,864719,845431,304,838293,108179,1683724,227657,349126,818538,1920
South_Dakota,388702,220862,25536,184,832,299427,16384,337120,84712,636547,53099,142793,619147,1920
Tennessee,1390982,843560,101189,78,451758,1163918,56,1173967,241875,2337885,264982,519108,1885993,1920
Texas,2837979,1651713,163046,1260,741694,2254006,2109,2409222,421875,4663228,563597,1017413,3918165,1920
Utah,263560,169492,15883,3338,1446,217345,2711,232051,57985,449396,38598,98346,441901,1920
Vermont,221817,100541,29694,15,572,173574,24,178854,48370,352428,35706,85804,351817,1920
Virginia,1379829,826312,100008,437,690017,1140695,824,1168492,242062,2309187,231563,483363,1617909,1920
Washington,919378,372245,60211,20900,6883,621920,9061,734701,183322,1356621,151513,342228,1319777,1920
West_Virginia,860322,544453,56140,114,86345,700601,7,763100,141362,1463701,160528,310098,1377235,1920
Wisconsin,1666599,822207,140406,317,5201,1275349,9611,1356718,371822,2632067,212464,595316,2616938,1920
Wyoming,127671,60867,4989,1538,1375,84043,1343,110359,24060,194402,22271,48476,190146,1920
Alabama,1596704,949035,99240,105,944834,1331239,465,1315009,198472,2646248,381466,591625,1700844,1930
Arizona,275875,143405,15768,2547,10749,204269,43726,231304,45808,435573,56380,105992,378551,1930
Arkansas,1132554,645550,75600,296,478463,914639,408,939843,168767,1854482,251897,438639,1375315,1930
California,4002500,1294887,366125,168731,81048,2734656,19212,2942595,726072,5677251,848888,1610030,5408260,1930
Colorado,673913,299390,61787,3775,11828,505039,1395,530752,131571,1035791,127979,267324,1018793,1930
Connecticut,1067172,445475,93319,687,29354,805600,162,801303,171202,1606903,213445,388645,1576700,1930
Delaware,157346,64218,16678,55,32602,117123,5,121257,30187,238380,27804,59092,205718,1930
District_of_Columbia,357194,100640,27253,780,132068,254986,40,231883,47220,486869,75254,125554,353981,1930
Florida,958932,436840,71202,406,431828,730536,587,737675,153956,1468211,212740,376499,1035390,1930
Georgia,1784210,1009174,113278,317,1071125,1473979,43,1434527,194459,2908506,440011,652793,1837021,1930
Idaho,276784,145724,22310,1886,668,207685,3638,237347,59584,445032,44996,108044,438840,1930
Illinois,5221401,1980797,421073,5946,328972,3757197,469,3873457,882999,7630654,1017115,1929396,7295267,1930
Indiana,2106442,897005,232787,458,111982,1598442,285,1640061,474196,3238503,353807,843066,3125778,1930
Iowa,1586398,699060,184239,222,17380,1215838,660,1255101,340778,2470939,282607,635704,2452677,1930
Kansas,1208341,542471,129468,204,66344,919708,2454,961291,267115,1880999,210106,487188,1811997,1930
Kentucky,1581744,889335,142122,75,226040,1291796,22,1322793,306284,2614589,290379,609405,2388452,1930
Louisiana,1318582,706356,75850,1019,776326,1053770,1536,1047823,165731,2101593,307273,485363,1322712,1930
Maine,498997,228825,69010,130,1096,396138,1012,401285,119898,797423,74358,197826,795185,1930
Maryland,1074850,459898,92972,871,276379,810517,50,821009,208563,1631526,169359,385179,1354226,1930
Massachusetts,2845071,1127300,274195,3383,52365,2177942,874,2071672,439238,4249614,569645,1021160,4192992,1930
Michigan,3178679,1405880,254891,2285,169453,2323016,7080,2519309,685516,4842325,476682,1180554,4663507,1930
Minnesota,1657965,741540,163480,832,9445,1247382,11077,1316571,349908,2563953,243696,606496,2542599,1930
Mississippi,1219532,712037,77443,568,1009718,1004680,1458,1005141,149973,2009821,311586,471704,998077,1930
Missouri,2411996,970057,244525,1073,223840,1806501,578,1822866,459810,3629367,461203,939476,3403876,1930
Montana,350918,159651,26700,1654,1256,244378,14798,293228,71419,537606,59636,136210,519898,1930
Nebraska,882856,408163,86194,932,13752,671615,3256,706348,181369,1377963,152835,342999,1360023,1930
Nevada,64159,22035,4814,1156,516,37897,4871,53161,11551,91058,12977,25469,84515,1930
New_Hampshire,298568,124921,41560,88,790,233534,64,231759,64823,465293,53078,119337,464351,1930
New_Jersey,2742659,1094928,201043,2630,208828,2010690,213,2030644,470509,4041334,502497,985636,3829663,1930
New_Mexico,250995,155293,16825,431,2850,204095,28941,219222,54439,423317,40428,98546,391095,1930
New_York,8757856,3152319,667325,15088,412814,6275546,6973,6312520,1155036,12588066,1957733,3153124,12153191,1930
North_Carolina,1851926,1200560,115671,92,918647,1595068,16579,1575208,279946,3170276,349555,644033,2234958,1930
North_Dakota,416441,233731,30280,230,377,321230,8387,359615,81352,680845,57399,145005,671851,1930
Ohio,4403470,1825204,414836,1785,309304,3285556,435,3361141,912295,6646697,763650,1697918,6335173,1930
Oklahoma,1489700,808413,96888,339,172198,1162776,92725,1233264,225266,2396040,320555,564164,2130778,1930
Oregon,652974,233038,67332,8179,2234,454114,4776,499672,154283,953786,106712,266328,938597,1930
Pennsylvania,6232944,2885054,508278,3563,431257,4785833,523,4845517,1198420,9631350,1003159,2235620,9196007,1930
Rhode_Island,455335,191988,39953,240,9913,352125,318,335372,67467,687497,96432,165343,677026,1930
South_Carolina,1012375,668634,57164,76,793681,885607,959,853158,111257,1738765,248335,365680,944049,1930
South_Dakota,430881,224677,36915,101,646,329199,21833,363650,82482,692849,72902,161013,670269,1930
Tennessee,1625261,868625,119045,105,477646,1311997,161,1304559,270260,2616556,314841,600625,2138644,1930
Texas,3711934,1876131,232459,1578,854964,2858721,1001,2965994,557686,5824715,779269,1380096,4967172,1930
Utah,304075,180884,22665,3903,1108,247848,2869,259999,69583,507847,44610,115936,499967,1930
Vermont,226530,101710,31253,41,568,176345,36,183266,52813,359611,35563,89188,358966,1930
Virginia,1485350,818639,116678,466,650165,1205805,779,1216046,272208,2421851,247497,529089,1770441,1930
Washington,1070653,389260,101503,23642,6840,737004,11253,826392,245138,1563396,167609,423833,1521661,1930
West_Virginia,1034711,620718,73043,103,114893,839334,18,889871,168543,1729205,198736,373941,1614191,1930
Wisconsin,1896252,849059,192059,464,10739,1428191,11548,1510815,440197,2939006,256811,711889,2916255,1930
Wyoming,148338,68342,8707,1229,1250,100780,1845,124785,26425,225565,28322,56887,221241,1930
Alabama,1780594,916158,136209,110,983290,1433060,464,1399901,226460,2832961,447355,673815,1849097,1940
Arizona,321418,153934,23909,2400,14993,241091,55076,258170,62842,499261,68291,131133,426792,1940
Arkansas,1238012,604115,107260,447,482578,966471,278,982916,196916,1949387,298909,495825,1466084,1940
California,4984839,1367301,555247,167643,124306,3391657,18675,3515730,928796,6907387,1209547,2138343,6596763,1940
Colorado,748875,287983,86438,3258,12176,554518,1360,568778,146455,1123296,169545,316000,1106502,1940
Connecticut,1217981,362707,128554,642,32992,859319,201,849923,181629,1709242,267053,448682,1675407,1940
Delaware,185427,60512,20566,87,35876,132172,14,134333,33213,266505,37328,70541,230528,1940
District_of_Columbia,503700,118185,41206,1309,187266,345569,190,317522,51944,663091,121501,173445,474326,1940
Florida,1290668,475529,131217,540,514198,954291,690,943123,226655,1897414,293232,519887,1381986,1940
Georgia,2007822,957187,158714,412,1084927,1588965,106,1534758,231689,3123723,520552,752241,2038278,1940
Idaho,343019,150154,31700,1449,595,248294,3537,276579,82078,524873,59649,141727,519292,1940
Illinois,5621277,1708001,567963,4969,387446,3940092,624,3957149,882870,7897241,1309854,2192724,7504202,1940
Indiana,2317212,822548,288036,334,121916,1702595,223,1725201,510636,3427796,450862,961498,3305323,1940
Iowa,1686651,623850,227767,150,16694,1257774,733,1280494,361477,2538268,340347,701824,2520691,1940
Kansas,1204427,439465,157136,229,65138,894688,1165,906340,260495,1801028,250614,511109,1734496,1940
Kentucky,1792294,864049,189284,127,214031,1409815,44,1435812,335350,2845627,363188,698538,2631425,1940
Louisiana,1542438,702439,119003,1037,849303,1191498,1801,1172382,218447,2363880,374081,592528,1511739,1940
Maine,545594,221307,80325,128,1304,421405,1251,425821,125390,847226,93578,218968,844543,1940
Maryland,1263881,433847,123516,759,301931,906206,73,915038,220765,1821244,244918,465683,1518481,1940
Massachusetts,3007321,940426,368974,2965,55391,2214242,769,2102479,426785,4316721,693909,1120694,4257596,1940
Michigan,3611096,1314156,330854,1836,208345,2561379,6282,2694727,773755,5256106,622259,1396014,5039643,1940
Minnesota,1890531,689151,212618,862,9928,1364755,12528,1427545,402318,2792300,326041,728359,2768982,1940
Mississippi,1355847,712531,115418,757,1074578,1099314,2134,1084482,178118,2183796,356838,534956,1106327,1940
Missouri,2573276,885643,325745,761,244386,1903412,330,1881252,472950,3784664,595692,1068642,3539187,1940
Montana,381304,141895,36257,1027,1120,260447,16841,299009,83126,559456,76837,159963,540468,1940
Nebraska,878671,331531,105632,638,14171,650046,3401,665788,169966,1315834,190778,360744,1297624,1940
Nevada,78601,24846,6800,806,664,48906,4747,61341,15353,110247,17938,33291,104030,1940
New_Hampshire,327907,114897,48720,71,414,246615,50,244909,68705,491524,64231,132936,490989,1940
New_Jersey,3006582,874762,278821,1894,226973,2091006,211,2069159,433878,4160165,666382,1100260,3931087,1940
New_Mexico,324942,183592,23284,324,4672,259972,34510,271846,74150,531818,55325,129475,492312,1940
New_York,9779490,2777296,922356,19724,571221,6788816,8651,6690326,1111388,13479142,2550725,3662113,12879546,1940
North_Carolina,2253864,1161219,156540,144,981298,1798633,22546,1772990,335063,3571623,454596,789659,2567635,1940
North_Dakota,411955,190590,39390,156,201,306533,10114,335402,75710,641935,76333,152043,631464,1940
Ohio,4789023,1578860,539729,1282,339461,3446540,338,3461072,948354,6907612,949442,1897796,6566531,1940
Oklahoma,1508617,682883,144934,232,168849,1154542,63125,1181892,261162,2336434,349319,610481,2104228,1940
Oregon,765651,231305,92728,6794,2565,526995,4594,562689,187044,1089684,150448,337492,1075731,1940
Pennsylvania,6827126,2395586,677468,2578,470172,4948973,441,4951207,1154948,9900180,1360576,2515524,9426989,1940
Rhode_Island,501262,157800,54284,321,11024,363942,196,349404,70190,713346,117516,187706,701805,1940
South_Carolina,1177805,640685,81314,98,814164,964565,1234,935239,133279,1899804,301689,434968,1084308,1940
South_Dakota,420092,178429,44440,65,474,310447,23347,332514,74388,642961,91040,165428,619075,1940
Tennessee,1888060,856003,171778,85,508736,1470012,114,1445829,315182,2915841,399712,714894,2406906,1940
Texas,4270762,1796567,347495,1785,924391,3193721,1103,3221103,717682,6414824,960714,1678396,5487545,1940
Utah,347130,172965,30215,2544,1235,271690,3611,278620,85225,550310,54262,139487,542920,1940
Vermont,232210,92529,34492,25,384,177007,16,182224,51709,359231,40726,92435,358806,1940
Virginia,1755997,766832,154944,543,661449,1328769,198,1349004,306688,2677773,320844,627532,2015583,1940
Washington,1225349,366522,144320,19226,7424,830434,11394,905757,306174,1736191,231163,537337,1698147,1940
West_Virginia,1206642,594358,100974,93,117754,933392,25,968582,194409,1901974,250406,444815,1784102,1940
Wisconsin,2113173,782232,242182,412,12158,1537411,12265,1600176,450208,3137587,376999,827207,3112752,1940
Wyoming,171465,66719,12558,840,956,115687,2349,135055,33749,250742,35625,69374,246597,1940
Alabama,1862728,1000367,198648,275,979617,1559103,928,1502640,388996,3061743,397843,786839,2079591,1950
Arizona,466269,239077,44241,2731,25974,370528,65761,379059,118620,749587,91754,210374,654511,1950
Arkansas,1150689,609827,148995,705,426639,957977,533,951534,285599,1909511,238792,524391,1481507,1950
California,7091646,2599572,895005,143280,462172,5290594,19947,5295629,1811684,10586223,1521722,3333406,9915173,1950
Colorado,845416,364081,115592,5870,20177,659940,1567,665149,227298,1325089,163937,391235,1296653,1950
Connecticut,1353590,476866,176824,704,53472,1018783,333,988497,290968,2007280,278670,569638,1952329,1950
Delaware,209808,81957,26320,99,43598,160741,-1,157344,53247,318085,37143,90390,273878,1950
District_of_Columbia,584630,160861,56687,2178,280803,424260,330,377918,72362,802178,151780,224142,517865,1950
Florida,1808028,725803,237474,667,603101,1404388,1011,1366917,473124,2771305,348377,821501,2166051,1950
Georgia,2135936,1088987,219655,639,1062762,1755911,333,1688667,413696,3444578,475573,889269,2380577,1950
Idaho,358431,186669,43537,2224,1050,285400,3800,303237,110694,588637,58416,169110,581395,1950
Illinois,5865339,2092536,754301,15853,645980,4392925,1443,4319251,1294249,8712176,1287751,2582000,8046058,1950
Indiana,2519801,1053397,361026,814,174168,1975708,438,1958516,766018,3934224,402898,1168916,3758512,1950
Iowa,1642207,705868,272998,620,19692,1310790,1084,1310283,494826,2621073,285341,780167,2599546,1950
Kansas,1211932,499149,194218,431,73158,951765,2381,953534,375033,1905299,211617,586650,1828961,1950
Kentucky,1801120,908443,235243,409,201921,1469819,234,1474987,456797,2944806,321957,778754,2742090,1950
Louisiana,1661737,844930,176849,653,882428,1364350,409,1319166,364945,2683516,360000,724945,1796683,1950
Maine,566758,253454,93562,107,1221,459629,1522,454145,159824,913774,94619,254443,910846,1950
Maryland,1553635,625852,163514,1084,385972,1176398,314,1166603,360718,2343001,280504,641222,1954975,1950
Massachusetts,3113002,1109076,468436,4011,73171,2420147,1201,2270367,624838,4690514,680356,1305194,4611503,1950
Michigan,4165598,1744518,461650,3136,442296,3159647,7000,3212119,1208975,6371766,581727,1790702,5917825,1950
Minnesota,1889454,823899,269130,1769,14022,1481275,12533,1501208,561177,2982483,284088,845265,2953697,1950
Mississippi,1286089,739861,152964,1073,986494,1102123,2502,1076791,265061,2178914,289704,554765,1188632,1950
Missouri,2561052,986213,407388,1046,297088,2013790,547,1940863,691256,3954653,506341,1197597,3655593,1950
Montana,370068,170092,50864,733,1232,281601,16606,309423,105744,591024,69726,175470,572038,1950
Nebraska,846447,348684,130379,821,19234,658178,3954,667332,238810,1325510,155338,394148,1301328,1950
Nevada,107672,41425,10986,663,4302,75066,5025,85017,24484,160083,25757,50241,149908,1950
New_Hampshire,339866,135583,57793,118,731,270818,74,262424,90213,533242,64990,155203,532275,1950
New_Jersey,3320064,1121276,393989,3602,318565,2452585,621,2382744,729993,4835329,643644,1373637,4511585,1950
New_Mexico,410970,237153,33064,417,8408,333643,41901,347544,104131,681187,72862,176993,630211,1950
New_York,10219805,3351930,1258457,24064,918191,7590248,10640,7239944,1638860,14830192,2686279,4325139,13872095,1950
North_Carolina,2524909,1311723,225297,443,1047353,2044824,3742,2017105,530371,4061929,463985,994356,2983121,1950
North_Dakota,379264,192176,48196,143,257,296692,10766,322944,107341,619636,54764,162105,608448,1950
Ohio,5184058,2053594,708975,3528,513072,4018093,1146,3928534,1413086,7946627,900904,2313990,7428222,1950
Oklahoma,1400048,639381,193922,534,145503,1117796,53769,1115555,397811,2233351,265392,663203,2032526,1950
Oregon,984669,403651,133021,5762,11529,748565,5820,772776,312828,1521341,166219,479047,1497128,1950
Pennsylvania,6981934,2629253,886825,3287,638485,5327601,1141,5170411,1739833,10498012,1176046,2915879,9853848,1950
Rhode_Island,535437,186041,70418,428,13903,401313,385,390583,102071,791896,123376,225447,777015,1950
South_Carolina,1266075,735947,115005,135,822077,1076487,554,1040540,232284,2117027,282354,514638,1293405,1950
South_Dakota,407069,190375,55296,100,727,315489,23344,337251,113780,652740,69198,182978,628504,1950
Tennessee,2067400,989434,234884,334,530603,1668611,339,1623107,492643,3291718,378831,871474,2760257,1950
Texas,4950998,2246776,513420,3392,977458,3848052,2736,3863142,1241540,7711194,947638,2189178,6726534,1950
Utah,415465,230979,42418,4787,2729,341226,4201,347636,122600,688862,65225,187825,676909,1950
Vermont,232324,105889,39534,48,443,189993,30,187754,63397,377747,40099,103496,377188,1950
Virginia,2138656,965500,214524,758,734211,1643464,1056,1675216,465933,3318680,379326,845259,2581555,1950
Washington,1540751,626807,211405,13102,30691,1155112,13816,1223851,477897,2378963,257849,735746,2316496,1950
West_Virginia,1230550,636476,138526,145,114867,999265,160,1006287,284924,2005552,233357,518281,1890282,1950
Wisconsin,2198085,926573,309917,1119,28182,1707733,12196,1726842,613959,3434575,353489,967448,3392690,1950
Wyoming,187822,84542,18165,556,2557,135676,3237,154853,45428,290529,38757,84185,284009,1950
Alabama,1897041,1108552,261147,915,980271,1675031,1276,1591709,528031,3266740,356085,884116,2283609,1960
Arizona,759140,452796,90225,5380,43403,647233,83387,654928,234347,1302161,132283,366630,1169517,1960
Arkansas,1022241,569659,194372,996,388787,907285,580,878987,321219,1786272,202333,523552,1395703,1960
California,9577305,4763695,1376204,318376,883861,7880497,39014,7836707,2910093,15717204,2072015,4982108,14455230,1960
Colorado,1026729,569058,158160,8175,39992,883480,4288,870467,337565,1753947,191854,529419,1700700,1960
Connecticut,1545345,747274,242615,2244,107449,1291005,923,1244229,465672,2535234,287064,752736,2423816,1960
Delaware,266979,143568,35745,410,60688,225156,597,221136,85971,446292,42611,128582,384327,1960
District_of_Columbia,501141,193672,69143,4690,411737,405785,587,358171,75532,763956,176534,252066,345263,1960
Florida,2931617,1466814,553129,3699,880186,2514777,2504,2436783,1047217,4951560,503197,1550414,4063881,1960
Georgia,2328706,1323749,290661,2004,1122596,2017203,749,1925913,601631,3943116,468694,1070325,2817223,1960
Idaho,377484,231449,58258,2758,1502,328770,5231,338421,136746,667191,57093,193839,657383,1960
Illinois,6104817,3001418,974923,24708,1037470,5128292,4704,4952866,1782127,10081158,1302844,3084971,9010252,1960
Indiana,2735411,1481568,445519,2447,269275,2363760,948,2298738,986098,4662498,401780,1387878,4388554,1960
Iowa,1572000,857852,327685,1189,25354,1398490,1708,1359047,581352,2757537,260005,841357,2728709,1960
Kansas,1266030,672312,240269,2271,91445,1097234,5069,1081377,463350,2178611,209549,672899,2078666,1960
Kentucky,1766076,979757,292323,1298,215949,1529708,391,1508448,547750,3038156,304117,851867,2820083,1960
Louisiana,1867439,1147992,241591,2004,1039207,1664768,3587,1592254,526366,3257022,365978,892344,2211715,1960
Maine,561743,300978,106544,597,3318,490211,1879,479054,186379,969265,93976,280355,963291,1960
Maryland,1881577,992573,226539,5700,518410,1567489,1538,1533200,556391,3100689,306610,863001,2573919,1960
Massachusetts,3096136,1480833,571609,9478,111842,2662343,2118,2486235,857436,5148578,677549,1534985,5023144,1960
Michigan,4593214,2591796,638184,7579,717581,3940326,9701,3882868,1665603,7823194,573476,2239079,7085865,1960
Minnesota,1938148,1121365,354351,3642,22263,1720902,15496,1692962,714960,3413864,277021,991981,3371603,1960
Mississippi,1207842,780270,190029,1481,915743,1110208,3119,1067933,327894,2178141,240176,568070,1257546,1960
Missouri,2551434,1264968,503411,3146,390853,2211534,1723,2108279,874532,4319813,485522,1360054,3922967,1960
Montana,382155,227192,65420,1082,1467,331024,21181,343743,129399,674767,72841,202240,650738,1960
Nebraska,811349,435825,164156,1318,29262,711304,5545,700026,280867,1411330,152581,433448,1374764,1960
Nevada,179862,87243,18173,1402,13484,137757,6681,147521,51491,285278,40029,91520,263443,1960
New_Hampshire,356707,182509,67705,400,1903,308814,135,298107,117232,606921,62788,180020,604334,1960
New_Jersey,3757579,1748789,560414,8778,514875,3094791,1699,2971991,1107841,6066782,698598,1806439,5539003,1960
New_Mexico,539064,360689,51270,1484,17063,471253,56255,479770,163926,951023,87283,251209,875763,1960
New_York,10467643,4627071,1687590,51678,1417511,8659065,16491,8123239,2350265,16782304,2898445,5248710,15287071,1960
North_Carolina,2722881,1521107,312167,2012,1116021,2309086,38129,2247069,724631,4556155,480084,1204715,3399285,1960
North_Dakota,356170,217685,58591,274,777,309238,11736,323208,118566,632446,54796,173362,619538,1960
Ohio,5730737,3078536,897124,6585,786097,4942169,1910,4764228,1922686,9706397,929871,2852557,8909698,1960
Oklahoma,1381734,697719,248831,1414,153084,1180433,64689,1147851,492263,2328284,242330,734593,2107900,1960
Oregon,1039745,545289,183653,9120,18133,888736,8026,879951,386608,1768687,171606,558214,1732037,1960
Pennsylvania,6895751,3295090,1128525,7729,852750,5809515,2122,5509851,2289741,11319366,1061098,3350839,10454004,1960
Rhode_Island,526120,243828,89540,1190,18332,437643,932,421845,140336,859488,116999,257335,838712,1960
South_Carolina,1381867,850128,150599,946,829291,1206776,1098,1175818,345756,2382594,257795,603551,1551022,1960
South_Dakota,380519,228482,71513,336,1114,336243,25794,344271,130864,680514,63957,194821,653098,1960
Tennessee,2130208,1128020,308861,1243,586876,1826399,638,1740690,639600,3567089,363701,1003301,2977753,1960
Texas,5662052,3172234,745391,9848,1187125,4834696,5750,4744981,1799477,9579677,978639,2778116,8374831,1960
Utah,496378,334292,59957,5207,4148,445703,6961,444924,173296,890627,68236,241532,873828,1960
Vermont,223539,122601,43741,172,519,198138,57,191743,73115,389881,37617,110732,389092,1960
Virginia,2409313,1268666,288970,4725,816258,1987577,2155,1979372,658078,3966949,414762,1072840,3142443,1960
Washington,1681975,892194,279045,29253,48738,1418177,21076,1435037,612443,2853214,281725,894168,2751675,1960
West_Virginia,1089427,598478,172516,419,89378,945386,181,915035,335068,1860421,186074,521142,1770133,1960
Wisconsin,2279938,1269103,402736,2836,74546,1987265,14297,1964512,786617,3951777,359725,1146342,3858903,1960
Wyoming,192784,111374,25908,805,2183,161051,4020,169015,61676,330066,37511,99187,322922,1960
Alabama,2098046,1020158,325961,2245,903467,1782224,2443,1661941,689411,3444165,344702,1034113,2533831,1970
Arizona,1071895,537531,161474,7525,53344,899894,95812,871006,352043,1770900,187114,539157,1604948,1970
Arkansas,1144700,540835,237760,1619,352445,990985,2014,932310,410438,1923295,204986,615424,1565915,1970
California,12627666,5524491,1800977,522270,1400143,10136449,91018,9816685,3611347,19953134,2962514,6573861,17761032,1970
Colorado,1375150,644218,187891,10388,66411,1117882,8836,1089377,438120,2207259,252808,690928,2112352,1970
Connecticut,1889362,853439,288908,6007,181177,1561222,2222,1470487,583381,3031709,349888,933269,2835458,1970
Delaware,338889,165382,43833,1310,78276,280772,656,267332,112120,548104,52684,164804,466459,1970
District_of_Columbia,497326,188381,70803,4895,537712,405019,956,351491,73980,756510,188558,262538,209272,1970
Florida,4050170,1749907,989366,12315,1041651,3513872,6677,3275571,1566864,6789443,717922,2284786,5719343,1970
Georgia,2849173,1372944,367458,4673,1187149,2358879,2347,2230696,836323,4589575,532902,1369225,3391242,1970
Idaho,428493,216298,67776,2959,2130,356817,6687,355750,153589,712567,65371,218960,698802,1970
Illinois,6850092,3170230,1093654,44427,1425674,5722140,11413,5391836,2081101,11113976,1421037,3502138,9600381,1970
Indiana,3169257,1530603,493809,5759,357464,2662499,3887,2531170,1153249,5193669,456245,1609494,4820324,1970
Iowa,1667330,806753,350293,2616,32596,1451509,2992,1372867,642676,2824376,253635,896311,2782762,1970
Kansas,1365399,614978,266201,3575,106977,1145005,8672,1101573,502585,2246578,224779,727364,2122068,1970
Kentucky,1959544,921734,337428,2265,230793,1639670,1531,1579036,657909,3218706,325756,983665,2981766,1970
Louisiana,2178160,1156439,306707,3712,1086832,1869822,5294,1771484,663927,3641306,388111,1052038,2541498,1970
Maine,591475,285981,114592,1007,2800,509183,2195,482865,212199,992048,90724,302923,985276,1970
Maryland,2464030,1158687,299682,15423,699479,2006078,4239,1916321,690514,3922399,484559,1175073,3194888,1970
Massachusetts,3485162,1567823,636185,20766,175817,2969772,4475,2719398,1012173,5689170,747519,1759692,5477624,1970
Michigan,5414582,2707546,752955,15285,991066,4526435,16854,4348648,1974548,8875083,678511,2653059,7833474,1970
Minnesota,2246625,1149427,408919,6481,34868,1941161,23128,1863810,824629,3804971,329317,1153946,3736038,1970
Mississippi,1294787,699805,222320,2377,815770,1142695,4113,1074217,421900,2216912,214824,636724,1393283,1970
Missouri,2825418,1290427,560656,7207,480172,2420549,5405,2255952,1021106,4676501,499461,1520567,4177495,1970
Montana,417743,207930,68736,1099,1995,347404,27130,347005,142774,694409,74530,217304,663043,1970
Nebraska,879548,420419,183526,2189,39911,759038,6624,724455,314600,1483493,159121,473721,1432867,1970
Nevada,313714,144056,30968,2859,27762,240940,7933,247798,93676,488738,66376,160052,448177,1970
New_Hampshire,444993,214276,78412,937,2505,377009,361,360672,153771,737681,71607,225378,733106,1970
New_Jersey,4478892,1992283,696989,20537,770292,3700791,4706,3467373,1349815,7168164,868367,2218182,6349908,1970
New_Mexico,606694,338695,70611,1889,19555,515176,72788,500824,192231,1016000,97158,289389,915815,1970
New_York,11398793,4877422,1960752,116008,2168949,9521628,28355,8715339,2795635,18236967,3118226,5913861,15834090,1970
North_Carolina,3215276,1452663,414120,4264,1126478,2593692,44406,2488367,987290,5082059,522274,1509564,3901767,1970
North_Dakota,365501,185892,66368,608,2494,306152,14369,311609,124190,617761,57423,181613,599485,1970
Ohio,6546634,3107689,997694,14350,970477,5488644,6654,5163373,2226021,10652017,1063411,3289432,9646997,1970
Oklahoma,1570962,688511,299756,3019,171892,1312874,98468,1246355,588895,2559229,261908,850803,2280362,1970
Oregon,1294897,569689,226799,13290,26308,1067433,13510,1023952,457017,2091385,234614,691631,2032079,1970
Pennsylvania,7344287,3177496,1272126,17074,1016514,6128495,5533,5665414,2549277,11793909,1156133,3705410,10737732,1970
Rhode_Island,592595,250198,103932,3483,25338,482434,1390,464291,168923,946725,123042,291965,914757,1970
South_Carolina,1611847,787709,190960,2569,789041,1318429,2241,1272087,485427,2590516,248946,734373,1794430,1970
South_Dakota,387625,197398,80484,467,1627,335474,32365,330033,139681,665507,61126,200807,630333,1970
Tennessee,2442981,1096781,383925,3616,621261,2026013,2276,1897674,809376,3923687,403811,1213187,3293930,1970
Texas,6876203,3328468,992059,17614,1399005,5715561,17957,5481169,2222469,11196730,1211527,3433996,9717128,1970
Utah,629163,352549,77561,6386,6617,536008,11273,523265,206570,1059273,91364,297934,1031926,1970
Vermont,265627,131215,47488,360,761,227164,229,217166,91285,444330,40813,132098,442553,1970
Virginia,2959140,1323333,366021,13801,861368,2351373,4853,2297121,862591,4648494,528045,1390636,3761514,1970
Washington,2129377,957731,322061,40998,71308,1715422,33386,1693747,738186,3409169,367401,1105587,3251055,1970
West_Virginia,1076005,473758,194474,1463,67342,899568,751,844669,376767,1744237,170447,547214,1673480,1970
Wisconsin,2627277,1317589,472865,6557,128224,2250358,18924,2167373,918123,4417731,410681,1328804,4258959,1970
Wyoming,203418,98794,30204,966,2568,165641,4980,166775,69440,332416,35160,104600,323024,1970
Alabama,2515215,938658,440015,9734,996335,2022354,7583,1871534,941219,3893888,400637,1341856,2872621,1980
Arizona,1766330,644523,307362,22032,74977,1380273,152745,1337942,653833,2718215,303199,957032,2240761,1980
Arkansas,1432510,541448,312477,6740,373768,1181747,9428,1104688,575478,2286435,240587,816065,1890322,1980
California,16098885,5154767,2414250,1253818,1819281,12001417,201369,11666485,4825252,23667902,3804614,8629866,18030893,1980
Colorado,1986862,655777,247325,29916,101703,1455671,18068,1434293,684408,2889964,376841,1061249,2571498,1980
Connecticut,2095483,647229,364864,18970,217433,1609571,4533,1498005,699224,3107576,394454,1093678,2799420,1980
Delaware,403062,132097,59179,4112,95845,307739,1328,286599,143073,594338,64008,207081,487817,1980
District_of_Columbia,450930,113116,74287,6636,448906,342916,1031,295417,89846,638333,163297,253143,171768,1980
Florida,6181977,1876774,1687573,56740,1342688,5070698,19257,4675626,2557079,9746324,1187175,3744254,8184513,1980
Georgia,3615010,1331364,516731,24457,1465181,2822660,7616,2640445,1216459,5463105,655193,1871652,3947135,1980
Idaho,594772,255483,93680,5948,2716,472780,10521,471155,233393,943935,90714,324107,901641,1980
Illinois,7553394,2611239,1261885,159653,1675398,5888981,16283,5537537,2533832,11426518,1511542,4045374,9233327,1980
Indiana,3598195,1306645,585384,20557,414785,2824399,7836,2665825,1381918,5490224,545132,1927050,5004394,1980
Iowa,1861855,664369,387584,11577,41700,1497418,5455,1416390,756517,2913808,296516,1053033,2839225,1980
Kansas,1532161,525255,306263,15078,126127,1206738,15373,1156941,612435,2363679,259804,872239,2168221,1980
Kentucky,2377062,873887,409828,9970,259477,1871738,3610,1789039,884825,3660777,378530,1263355,3379006,1980
Louisiana,2722327,1079294,404279,23779,1238241,2166006,12065,2039894,925139,4205900,486649,1411788,2912172,1980
Maine,726772,256970,140918,2947,3128,578425,4087,546235,280377,1124660,114807,395184,1109850,1980
Maryland,2899598,921768,395609,64278,958150,2174165,8021,2042810,905535,4216975,555330,1460865,3158838,1980
Massachusetts,3837225,1173281,726531,49501,221279,3006144,7743,2730893,1169819,5737037,862898,2032717,5362836,1980
Michigan,6135713,2214107,912258,56790,1199023,4745889,40050,4516189,2321883,9262078,873330,3195213,7872241,1980
Minnesota,2659484,936922,479564,26536,53344,2078144,35016,1997826,1035689,4075970,409533,1445222,3935770,1980
Mississippi,1570678,660603,289357,7412,887206,1306760,6180,1213878,587696,2520638,239473,827169,1615190,1980
Missouri,3176822,1091738,648126,23096,514276,2551199,12321,2365487,1248785,4916686,544614,1793399,4345521,1980
Montana,514899,187232,84559,2503,1786,394065,37270,392625,194580,786690,89162,283742,740148,1980
Nebraska,1002243,361898,205684,7002,48390,803931,9195,765894,390931,1569825,180469,571400,1490381,1980
Nevada,561172,173565,65756,14164,50999,395433,13308,405060,181274,800493,123053,304327,700345,1980
New_Hampshire,610371,207272,102967,2929,3990,472148,1352,448462,218823,920610,104670,323493,910099,1980
New_Jersey,4927475,1577577,859771,103848,925066,3831811,8394,3533012,1579827,7364823,968767,2548594,6127467,1980
New_Mexico,848541,338447,115906,6825,24020,660737,106119,642157,300570,1302894,140896,441466,977587,1980
New_York,11670441,3726864,2160767,310526,2402006,9218650,39582,8339422,3083406,17558072,3257023,6340429,13960868,1980
North_Carolina,3944593,1333992,603181,21176,1318857,3026381,64652,2855385,1397425,5881766,645866,2043291,4457507,1980
North_Dakota,417461,154811,80445,1979,2568,324291,20158,328426,156498,652717,71166,227664,625557,1980
Ohio,7132915,2495255,1169460,47820,1076748,5580493,12239,5217137,2622919,10797630,1210909,3833828,9597458,1980
Oklahoma,1955609,693555,376126,17275,204674,1548585,169459,1476705,790614,3025290,327947,1118561,2597791,1980
Oregon,1739891,589878,303336,34775,37060,1336539,27314,1296566,645941,2633105,345652,991593,2490610,1980
Pennsylvania,7848462,2484500,1530933,64379,1046810,6181305,9465,5682590,2950649,11863895,1268957,4219606,10652320,1980
Rhode_Island,627905,192327,126922,5303,27584,495903,2898,451251,199075,947154,139515,338590,896692,1980
South_Carolina,2076154,758338,287328,11834,948623,1603807,5757,1518013,722547,3121820,307434,1029981,2147224,1980
South_Dakota,434032,165717,91019,1738,2144,350085,44968,340683,168002,690768,74521,242523,639669,1980
Tennessee,3027576,1045956,517588,13963,725942,2374520,5104,2216600,1110074,4591120,508431,1618505,3835452,1980
Texas,9339092,3518938,1371161,120313,1710175,7230468,40075,6998723,3169512,14229191,1759755,4929267,11198441,1980
Utah,889987,461830,109220,15076,9225,736536,19256,724501,317172,1461037,131431,448603,1382550,1980
Vermont,336787,116503,58166,1355,1135,262376,984,249080,122560,511456,55765,178325,506736,1980
Virginia,3662253,1179261,505304,66209,1008668,2728508,9454,2618310,1221555,5346818,641518,1863073,4229798,1980
Washington,2776465,924129,431562,102537,105574,2079849,60804,2052307,1011319,4132156,529191,1540510,3779170,1980
West_Virginia,1255902,455874,237868,5194,65051,1004236,1610,945408,504921,1949644,181390,686311,1874751,1980
Wisconsin,3057579,1083991,564197,18164,182592,2400340,29499,2305427,1127367,4705767,524894,1652261,4443035,1980
Wyoming,311116,121266,37175,1969,3364,228997,7094,240560,114653,469557,50971,165624,446488,1980
Alabama,2641303,876295,522989,21797,1020705,2104425,16506,1936162,1061897,4040587,444893,1506790,2975797,1990
Arizona,2353498,832956,478774,55206,110524,1854537,203527,1810691,878561,3665228,490282,1368843,2963186,1990
Arkansas,1484852,515815,350058,12530,373912,1217649,12773,1133076,619938,2350725,271241,891179,1944744,1990
California,20025429,6599040,3135552,2845659,2208801,14862394,242164,14897627,5773943,29760021,4607263,10381206,20524327,1990
Colorado,2231572,733379,329443,59862,133146,1663099,27776,1631295,798277,3294394,484212,1282489,2905474,1990
Connecticut,2209476,631733,445907,50698,274269,1694243,6654,1592873,807481,3287116,422998,1230479,2859353,1990
Delaware,446605,138828,80735,9057,112460,343200,2019,322968,173813,666168,73684,247497,535094,1990
District_of_Columbia,430387,98666,77847,11214,399604,323930,1466,282970,97108,606900,152526,249634,179667,1990
Florida,8156426,2412069,2369431,154302,1759534,6676207,36335,6261719,3452160,12937926,1682709,5134869,10749285,1990
Georgia,4377845,1446101,654270,75781,1746565,3333713,13348,3144503,1536759,6478216,829856,2366615,4600148,1990
Idaho,625062,260422,121265,9365,3370,505793,13780,500956,252734,1006749,107989,360723,950451,1990
Illinois,7512829,2481228,1436545,285311,1694273,5878369,21836,5552233,2699182,11430602,1503058,4202240,8952978,1990
Indiana,3632331,1215632,696196,37617,432092,2855878,12720,2688281,1450898,5544159,614457,2065355,5020700,1990
Iowa,1743891,606758,426106,25476,48090,1431953,7349,1344802,745377,2776755,318948,1064325,2683090,1990
Kansas,1571159,563844,342571,31750,143076,1262929,21965,1214645,641762,2477574,302964,944726,2231986,1990
Kentucky,2426836,791615,466845,17812,262907,1900061,5769,1785235,960469,3685296,419313,1379782,3391832,1990
Louisiana,2715512,1035470,468991,41099,1299281,2188587,18541,2031386,987919,4219973,511350,1499269,2839138,1990
Maine,805748,258807,163373,6683,5138,630078,5998,597850,327888,1227928,137424,465312,1208360,1990
Maryland,3276631,987355,517482,139719,1189899,2462797,12972,2318671,1137296,4781468,611695,1748991,3393964,1990
Massachusetts,4058540,1138601,819284,143392,300130,3127680,12241,2888745,1331493,6016425,915617,2247110,5405374,1990
Michigan,6125665,2061171,1108461,104983,1291706,4782516,55638,4512781,2427643,9295297,991688,3419331,7756086,1990
Minnesota,2832228,995937,546934,77886,94944,2229916,49909,2145183,1183673,4375099,464180,1647853,4130395,1990
Mississippi,1631344,620588,321284,13016,915057,1342599,8525,1230617,651587,2573216,259787,911374,1633461,1990
Missouri,3290817,1108575,717681,41277,548208,2652758,19835,2464315,1348746,5117073,612460,1961206,4486228,1990
Montana,505035,187533,106497,4259,2381,403296,47679,395769,205899,799065,100264,306163,741111,1990
Nebraska,991927,363390,223068,12422,57404,808946,12410,769439,400394,1578385,201969,602363,1480558,1990
Nevada,820415,253787,127631,38127,78771,589953,19637,611880,255388,1201833,210909,466297,1012695,1990
New_Hampshire,747292,236931,125029,9343,7198,565708,2134,543544,280372,1109252,130814,411186,1087433,1990
New_Jersey,5191499,1506664,1032025,272521,1036825,3994503,14970,3735685,1813381,7730188,981330,2794711,6130465,1990
New_Mexico,973438,378569,163062,14124,30210,769816,134355,745253,365965,1515069,176744,542709,1146028,1990
New_York,12052786,3573947,2363722,693760,2859055,9364782,62651,8625673,3464436,17990455,3174886,6639322,13385255,1990
North_Carolina,4488880,1335416,804341,52166,1456323,3414347,80155,3214290,1711817,6628637,805209,2517026,5008491,1990
North_Dakota,399048,148697,91055,3462,3524,320599,25917,318201,157950,638800,82928,240878,604142,1990
Ohio,7093048,2347106,1406961,91179,1154826,5620775,20358,5226340,2758149,10847115,1329397,4087546,9521756,1990
Oklahoma,2018835,702537,424213,33563,233801,1614766,252420,1530819,821188,3145585,384947,1206135,2583512,1990
Oregon,1838436,612561,391324,69269,46178,1445248,38496,1397073,695957,2842321,407356,1103313,2636787,1990
Pennsylvania,7712017,2340520,1829106,137438,1089795,6187378,14733,5694265,3176121,11881643,1319845,4495966,10520201,1990
Rhode_Island,662811,190106,150547,18325,38861,521968,4071,481496,224792,1003464,153185,377977,917375,1990
South_Carolina,2323636,766132,396935,22382,1039884,1798193,8246,1688510,878704,3486703,379340,1258044,2406974,1990
South_Dakota,424937,168736,102331,3123,3258,353506,50575,342498,171161,696004,87873,259034,637515,1990
Tennessee,3248486,1009881,618818,31839,778035,2528257,10039,2348928,1261118,4877185,592607,1853725,4048068,1990
Texas,11189354,4080580,1716576,319459,2021632,8620547,65877,8365963,3695115,16986510,2375822,6070937,12774762,1990
Utah,1035739,537153,149958,33371,11576,867091,24283,855759,365979,1722850,171294,537273,1615845,1990
Vermont,375555,121040,66163,3215,1951,287266,1696,275492,145368,562758,65282,210650,555088,1990
Virginia,4256841,1266047,664470,159053,1162994,3153384,15282,3033974,1519521,6187358,772309,2291830,4791739,1990
Washington,3215869,1075535,575288,210958,149801,2452945,81483,2413747,1171580,4866692,700851,1872431,4308937,1990
West_Virginia,1163234,361346,268897,7459,56295,931941,2458,861536,510058,1793477,178499,688557,1725523,1990
Wisconsin,3149928,1090620,651221,53583,244539,2498834,39387,2392935,1215350,4891769,606768,1822118,4512523,1990
Wyoming,292079,114314,47195,2806,3606,226581,9479,227007,114544,453588,54295,168839,427061,1990
